<core:FragmentDefinition xmlns="sap.m" xmlns:core="sap.ui.core" xmlns:l="sap.ui.layout" xmlns:f="sap.f">
	<Dialog title="User Settings" showHeader="true" contentWidth="30rem" class="sapContrastPlus sapUiPopupWithPadding" placement="Bottom">
		<endButton>
			<Button text="Cancel" type="transparent" press="onSettingsClose"/>
		</endButton>
		<beginButton>
			<Button text="Save" type="transparent" press="onSettingsOk"/>
		</beginButton>
		<content>
			<VBox alignItems="Center" width="100%">
				<f:Avatar src="https://sapui5.hana.ondemand.com/sdk//2e/2ftest/2dresources/2fsap/2f%20f/2fimages/2fWoman/5f%20avatar/5f%2002/2epng"
					displaySize="XL" showBorder="true"></f:Avatar>
			</VBox>
			<List headerText="" width="100%">
				<items>
					<InputListItem label="Name:">
						<Text text="{/data/firstname} {/data/lastname}"/>
					</InputListItem>
					<InputListItem label="Email:">
						<Text text="{/data/user_emailid}"/>
					</InputListItem>
				</items>
			</List>
			<List headerText="">
				<items>
					<InputListItem label="Dark theme">
						<Switch state="true"/>
					</InputListItem>
				</items>
			</List>
		</content>
	</Dialog>
</core:FragmentDefinition>