<core:FragmentDefinition xmlns="sap.m" xmlns:core="sap.ui.core" xmlns:l="sap.ui.layout" xmlns:f="sap.ui.layout.form">
	<!--<Dialog title="Select a Property" showHeader="true" height="40em" class="sapUiPopupWithPadding" placement="Bottom"><beginButton><Button text="Close" press="valueHelpCloseButton"/></beginButton><endButton><Button text="Ok" press="addFiltersToList"/></endButton><content><SearchField placeholder="Search.." liveChange="handleFilterSearch"></SearchField><List growing="true" scrollToLoad="true" items="{/}"><items><ObjectListItem title="{value}" intro="{property}"></ObjectListItem></items></List></content></Dialog>-->
	<!--<SelectDialog noDataText="No data" title="Select a Property" multiSelect="true" liveChange="handleFilterSearch"
    confirm="handleFilterConfirm" close="handleFilterClose" items="{/}"><StandardListItem title="{property}" description="{value}"/></SelectDialog>-->
	<Popover showHeader="true" contentWidth="23em" contentHeight="38em" offsetX="8" offsetY="100" class="customPopOver sapUiPopupWithPadding"
		horizontalScrolling="false" placement="Right">
		<customHeader>
			<Toolbar >
				<Button icon="sap-icon://close-command-field" class="menuButton" type="Transparent" press="valueHelpCloseButton"/>
				<ToolbarSpacer/>
				<Title text="Select a Property"/>
				<ToolbarSpacer/>
			</Toolbar>
		</customHeader>
		<!--<footer>
			<Toolbar>
				<ToolbarSpacer/>
				<Button text="Ok" type="transparent" press="handleFilterConfirm"/>
				<Button text="Close" type="transparent" press="handleFilterClose"/>
			</Toolbar>
		</footer>-->
		<content>
			<List growing="true" items="{/}" mode="None">
				<items>
					<!--<StandardListItem press="handleFilterConfirm" type="Navigation" class="popOverItem" title="{property}" description="{value}"/>-->
					<StandardListItem press="handleFilterConfirm" type="Navigation" class="popOverItem" title="{LABEL}"/>
				</items>
			</List>
		</content>
	</Popover>
</core:FragmentDefinition>