<core:FragmentDefinition xmlns="sap.m" xmlns:core="sap.ui.core" xmlns:l="sap.ui.layout" xmlns:f="sap.ui.layout.form">
  <!--<Dialog title="Select a Property" showHeader="true" height="40em" class="sapUiPopupWithPadding" placement="Bottom">
    <beginButton>
      <Button text="Close" type="Transparent" press="valueHelpCloseButton"/>
    </beginButton>
    <endButton>
      <Button text="Ok" type="Transparent" press="addFiltersToList"/>
    </endButton>
    <content>
      <SearchField placeholder="Search.." liveChange="handleFilterSearch"></SearchField>
      <List growing="true" scrollToLoad="true" items="{/}">
        <items>
          <ObjectListItem title="{value}" intro="{property}"></ObjectListItem>
        </items>
      </List>
    </content>
  </Dialog>-->
  <SelectDialog noDataText="No data" title="Select a Property" multiSelect="true" liveChange="handleFilterSearch"
    confirm="handleFilterConfirm" close="handleFilterClose" items="{/}">
    <StandardListItem title="{property}" description="{value}"/>
  </SelectDialog>
</core:FragmentDefinition>