<core:FragmentDefinition xmlns="sap.m"
	xmlns:core="sap.ui.core"
	xmlns:app="http://schemas.sap.com/sapui5/extension/sap.ui.core.CustomData/1">
	<P13nDialog ok="handleOK" cancel="handleCancel" showReset="true"
		reset="handleReset" initialVisiblePanelType="sort">
		<panels>

			<P13nFilterPanel visible="true" type="filter"
				containerQuery="true"
				items="{
                    path: '/ColumnCollection'
                }"
				filterItems="{
                    path: '/FilterItems'
                }">
				<P13nItem columnKey="{path}" text="{text}" />
				<filterItems>
					<P13nFilterItem columnKey="{columnKeyModel}"
						operation="{operationModel}" value1="{value1Model}" />
				</filterItems>
			</P13nFilterPanel>
		</panels>
	</P13nDialog>
</core:FragmentDefinition>