<core:View xmlns:core="sap.ui.core" xmlns:mvc="sap.ui.core.mvc"
	xmlns:viz="sap.viz.ui5.controls" xmlns:viz.data="sap.viz.ui5.data"
	xmlns:m="sap.suite.ui.microchart" xmlns="sap.m" xmlns:ovp="sap.ovp.ui"
	xmlns:f="sap.ui.layout.form" controllerName="dynamicCards.cards.bullsEye"
	xmlns:viz.feeds="sap.viz.ui5.controls.common.feeds" xmlns:c="sap.ui.commons"
	xmlns:html="http://www.w3.org/1999/xhtml">
	<!-- <VBox class="sapOvpBaseCard sapOvpCardHeader sapMFlexBox sapMHBox" 
		id="bullsEyeVBox"> <core:Icon src="sap-icon://decline" color="white" backgroundColor="#007f98" 
		class="sapUshellTileDeleteIconOuterClass" press="onDeletePress" visible="false" 
		/> -->
	<VBox class="sapMFlexBox sapMHBox sapOvpBaseCard sapOvpCardRightContent"
		id="bullsEyeVBox">
		<VBox width="100%" alignItems="End" justifyContent="End">
			<core:Icon src="sap-icon://decline" color="white"
				backgroundColor="#007f98" class="sapUshellTileDeleteIconOuterClass"
				press="onDeletePress" visible="false" />
		</VBox>
		<VBox class="sapOvpCardHeader">
			<FlexBox alignItems="Start" justifyContent="SpaceBetween">
				<Label design="Bold" text="Control Partition" class="sapOvpCardCategory" />
			</FlexBox>
			<FlexBox alignItems="Start" visible="false" justifyContent="SpaceBetween">
				<VBox class="">
					<FlexBox alignItems="Start" justifyContent="SpaceBetween"></FlexBox>
					<HBox class="numericContentHbox " visible="false" alignItems="End"
						justifyContent="Start">
						<items></items>
					</HBox>
					<FlexBox alignItems="Start" visible="false" justifyContent="SpaceBetween"></FlexBox>
					<FlexBox alignItems="Start" justifyContent="SpaceBetween"></FlexBox>
				</VBox>
			</FlexBox>
			<FlexBox class="sapOvpCardSubtitleContainer">
				<Text text="" class="sapOvpCardSubtitle" tooltip="{ovpCardProperties>/subTitle}" />
			</FlexBox>
		</VBox>
		<ovp:CardContentContainer>
			<FlexBox alignItems="Center" justifyContent="Center" visible="true"
				id="bullsEyeBoxId">
				<f:SimpleForm>
					<HBox alignItems="Start" justifyContent="Center" id="bullchartContainer">
					</HBox>
				</f:SimpleForm>
				<!-- <Text text="Hello"></Text> -->
			</FlexBox>
		</ovp:CardContentContainer>
	</VBox>
</core:View>