<core:View xmlns:core="sap.ui.core" xmlns:mvc="sap.ui.core.mvc"
	xmlns:viz="sap.viz.ui5.controls" xmlns:viz.data="sap.viz.ui5.data"
	xmlns:m="sap.suite.ui.microchart" xmlns="sap.m" xmlns:ovp="sap.ovp.ui"
	xmlns:f="sap.ui.layout.form" controllerName="dynamicCards.cards.maps"
	xmlns:viz.feeds="sap.viz.ui5.controls.common.feeds" xmlns:c="sap.ui.commons"
	xmlns:html="http://www.w3.org/1999/xhtml">
	<!-- <VBox class="sapOvpBaseCard sapOvpCardHeader sapUshellTileDeleteIconBox" 
		id="issStatCard"> <core:Icon src="sap-icon://decline" color="white" backgroundColor="#007f98" 
		class="sapUshellTileDeleteIconOuterClass" press="onDeletePress" visible="false" 
		/> -->
	<VBox class="sapMFlexBox sapMHBox sapOvpBaseCard sapOvpCardRightContent"
		id="issStatCard">
		<VBox width="100%" alignItems="End" justifyContent="End">
			<core:Icon src="sap-icon://decline" color="white"
				backgroundColor="#007f98" class="sapUshellTileDeleteIconOuterClass"
				press="onDeletePress" visible="false" />
		</VBox>
		<VBox class="sapOvpCardHeader">
			<FlexBox alignItems="Start" justifyContent="SpaceBetween">
				<Label design="Bold" id="issStatText" text="My Region"
					class="sapOvpCardCategory" />
			</FlexBox>
			<FlexBox alignItems="Start" visible="false" justifyContent="SpaceBetween">
				<VBox class="">
					<FlexBox alignItems="Start" justifyContent="SpaceBetween"></FlexBox>
					<HBox class="numericContentHbox " visible="false" alignItems="End"
						justifyContent="Start">
						<items></items>
					</HBox>
					<FlexBox alignItems="Start" visible="false" justifyContent="SpaceBetween"></FlexBox>
					<FlexBox alignItems="Start" justifyContent="SpaceBetween"></FlexBox>
				</VBox>
			</FlexBox>
			<FlexBox class="sapOvpCardSubtitleContainer">
				<Text text="" class="sapOvpCardSubtitle" tooltip="{ovpCardProperties>/subTitle}" />
			</FlexBox>
		</VBox>
		<ovp:CardContentContainer>
			<FlexBox id="regionMapView" alignItems="Center"
				justifyContent="Center" visible="true">
				<core:HTML
					content='&lt;div id=&quot;regionMap&quot; style=&quot;height: 400px; width: 400px&quot;/div&gt;'></core:HTML>
			</FlexBox>
		</ovp:CardContentContainer>
	</VBox>
</core:View>
