<core:View xmlns:core="sap.ui.core" xmlns:mvc="sap.ui.core.mvc"
	xmlns:viz="sap.viz.ui5.controls" xmlns:viz.data="sap.viz.ui5.data"
	xmlns:m="sap.suite.ui.microchart" xmlns="sap.m" xmlns:ovp="sap.ovp.ui"
	xmlns:f="sap.ui.layout.form" controllerName="dynamicCards.cards.TemplateCards"
	xmlns:viz.feeds="sap.viz.ui5.controls.common.feeds" xmlns:c="sap.ui.commons"
	xmlns:html="http://www.w3.org/1999/xhtml">
	<VBox class="sapMFlexBox sapMHBox sapOvpBaseCard sapOvpCardRightContent"
		id="templateCardVBox">
		<VBox width="100%" alignItems="End" justifyContent="End"
			class="sapUshellTileDeleeIconBox">
			<core:Icon src="sap-icon://decline" color="white"
				backgroundColor="#007f98" class="sapUshellTileDeleteIconOuterClass"
				press="onDeletePress" visible="true" />
		</VBox>
		<VBox class="sapOvpCardHeader">
			<FlexBox alignItems="Start" justifyContent="SpaceBetween">
				<Label design="Bold" id="ChartTitleId" text="Header"
					class="sapOvpCardCategory" />
			</FlexBox>
			<FlexBox alignItems="Start" visible="false" justifyContent="SpaceBetween">
				<VBox class="">
					<FlexBox alignItems="Start" justifyContent="SpaceBetween"></FlexBox>
					<HBox class="numericContentHbox " visible="false" alignItems="End"
						justifyContent="Start">
						<items></items>
					</HBox>
					<FlexBox alignItems="Start" visible="false" justifyContent="SpaceBetween"></FlexBox>
					<FlexBox alignItems="Start" justifyContent="SpaceBetween"></FlexBox>
				</VBox>
			</FlexBox>
			<FlexBox class="sapOvpCardSubtitleContainer">
				<Text text="Sub title" id="ChartSubTitleId" class="sapOvpCardSubtitle"
					tooltip="{ovpCardProperties>/subTitle}" />
			</FlexBox>
		</VBox>
		<FlexBox alignItems="Center"
			justifyContent="Center" visible="true">
<!-- 			<f:SimpleForm> -->
<!-- 				<HBox alignItems="Start" justifyContent="Center" id="chartContainerId"></HBox> -->
<!-- 			</f:SimpleForm> -->
		</FlexBox>
	</VBox>
</core:View>